metal_min,metal_max,coexist_lo,coexist_hi,Ustar,T
0.5,1.1,,,,0.002
0.5,2.725,2.55,2.725,2.6618389975296526,0.003
0.5,2.675,2.55,2.675,2.6265135144939773,0.004
0.5,3.0,2.55,3.0,2.561299997263561,0.0065
0.5,3.0,1.95,3.0,2.527298207352997,0.008
