metal_min,metal_max,coexist_lo,coexist_hi,Ustar,T
0.5,3.0,2.475,3.0,,0.02
0.5,3.0,2.2,3.0,,0.015
0.5,3.0,2.9,3.0,,0.01
0.5,2.65,2.55,2.65,2.5971848153640895,0.005
0.5,2.825,2.55,2.825,2.7589376668480297,0.001
